date,entity,type,current_mentions,historical_mentions
2026-10-07,iran,topic,1,34
2026-10-07,cec,topic,1,45
2026-10-07,delhi police,topic,1,0
2026-10-07,mps,topic,1,6
2026-10-07,white house,topic,1,0
2026-10-07,trump,topic,1,86
2026-10-07,live,topic,1,16
2026-10-07,cjp,topic,1,14
2026-10-07,saurav das,topic,1,0
2026-10-07,october,topic,1,11
2026-10-07,jantar mantar,topic,1,0
2026-10-07,the,topic,1,95
2026-10-07,india,topic,1,81
2026-10-07,chief election commissioner,topic,1,0
2026-10-07,gyanesh kumar,topic,1,0
2026-10-07,san diego gavin,topic,1,0
2026-10-07,newsom,topic,1,0
2026-10-07,iran. trump,topic,1,0
2026-10-07,indian,topic,1,32
2026-10-07,opposition,topic,1,11
2026-10-07,cec gyanesh kumar,topic,1,0
2026-10-07,prime minister narendra,topic,1,0
2026-10-07,modi,topic,1,32
