date,event_id,headline,status,story_count,source_count
2026-10-07,ahead|cec|cjp|das|delhi|intimation|jantar|letter|live|mantar|october|police,CEC row LIVE: CJP’s Saurav Das to submit ‘intimation letter’ to Delhi Police ahead of October 10 Jantar Mantar protest; security tightened,DEVELOPING,1,1
2026-10-07,and|comment|defends|diego|house|iran|let|out|san|take|trump|white,White House defends Trump comment to let Iran 'take out' LA and San Diego,DEVELOPING,1,1
2026-10-07,against|chief|detained|election|indian|mps|opposition|protest,Indian opposition MPs detained in protest against election chief,DEVELOPING,1,1
2026-10-07,and|comment|defends|diego|house|iran|let|out|san|take|trump|white,White House defends Trump comment to let Iran 'take out' LA and San Diego,DEVELOPING,1,1
2026-10-07,against|chief|detained|election|indian|mps|opposition|protest,Indian opposition MPs detained in protest against election chief,DEVELOPING,1,1
2026-10-07,and|comment|defends|diego|house|iran|let|out|san|take|trump|white,White House defends Trump comment to let Iran 'take out' LA and San Diego,DEVELOPING,1,1
2026-10-07,against|chief|detained|election|indian|mps|opposition|protest,Indian opposition MPs detained in protest against election chief,DEVELOPING,1,1
2026-10-08,bank|concerns|first|growing|hike|india|inflation|rate|signals|since,India's first bank rate hike since 2023 signals growing inflation concerns,DEVELOPING,1,1
2026-10-09,bank|concerns|first|growing|hike|india|inflation|rate|signals|since,India's first bank rate hike since 2023 signals growing inflation concerns,DEVELOPING,1,1
2026-10-10,claims|from|getting|iran|nuclear|over|says|soon|stopped|tehran|trump|war,"Trump says Iran war will be ‘over soon’, claims US stopped Tehran from getting nuclear weapon",DEVELOPING,1,1
2026-10-10,accepted|allegation|claim|incorrect|murmu|prez|rahul|report|that|theft|vote,Rahul's claim that Prez Murmu accepted 'vote theft' allegation incorrect: Report,DEVELOPING,1,1
2026-10-10,against|close|dollar|paise|rises|rupee|u.s.,Rupee rises 16 paise to close at 96.72 against U.S. dollar,DEVELOPING,1,1
