date,evaluated,selected_evaluated,misses,false_positives,success_rate,false_positive_rate,miss_rate
2026-09-23,0,0,0,0,0.0,0.0,0.0
2026-09-24,0,0,0,0,0.0,0.0,0.0
2026-09-25,0,0,0,0,0.607,0.393,0.0
2026-09-26,0,0,0,0,0.403,0.591,0.011
2026-09-27,0,0,0,0,0.369,0.626,0.032
2026-09-28,0,0,0,0,0.354,0.641,0.052
2026-09-29,0,0,0,0,0.344,0.652,0.055
2026-09-30,0,0,0,0,0.341,0.655,0.062
2026-10-01,0,0,0,0,0.338,0.658,0.061
2026-10-02,0,0,0,0,0.338,0.658,0.061
2026-10-03,0,0,0,0,0.334,0.662,0.063
2026-10-04,0,0,0,0,0.333,0.664,0.067
2026-10-05,0,0,0,0,0.33,0.667,0.07
2026-10-06,0,0,0,0,0.329,0.668,0.072
2026-10-07,4183,849,0,584,0.333,0.632,0.067
2026-10-08,4438,868,0,601,0.326,0.62,0.066
2026-10-09,4683,870,0,600,0.327,0.619,0.066
2026-10-10,4914,873,0,600,0.328,0.619,0.065
2026-10-11,5135,879,0,602,0.328,0.617,0.065
