date,headline,priority,finding
2026-10-07,CEC row LIVE: CJP’s Saurav Das to submit ‘intimation letter’ to Delhi Police ahead of October 10 Jantar Mantar protest; security tightened,79.3,"Requires source verification, independent confirmation and historical comparison."
2026-10-07,White House defends Trump comment to let Iran 'take out' LA and San Diego,76.5,"Requires source verification, independent confirmation and historical comparison."
2026-10-07,Indian opposition MPs detained in protest against election chief,73.8,"Requires source verification, independent confirmation and historical comparison."
2026-10-07,White House defends Trump comment to let Iran 'take out' LA and San Diego,76.5,"Requires source verification, independent confirmation and historical comparison."
2026-10-07,Indian opposition MPs detained in protest against election chief,73.8,"Requires source verification, independent confirmation and historical comparison."
2026-10-07,White House defends Trump comment to let Iran 'take out' LA and San Diego,76.5,"Requires source verification, independent confirmation and historical comparison."
2026-10-07,Indian opposition MPs detained in protest against election chief,73.8,"Requires source verification, independent confirmation and historical comparison."
2026-10-08,India's first bank rate hike since 2023 signals growing inflation concerns,118.0,"Requires source verification, independent confirmation and historical comparison."
2026-10-09,India's first bank rate hike since 2023 signals growing inflation concerns,117.5,"Requires source verification, independent confirmation and historical comparison."
2026-10-10,"Trump says Iran war will be ‘over soon’, claims US stopped Tehran from getting nuclear weapon",76.8,"Requires source verification, independent confirmation and historical comparison."
2026-10-10,Rupee rises 16 paise to close at 96.72 against U.S. dollar,73.8,"Requires source verification, independent confirmation and historical comparison."
